Sources:,Human Trafficking Job Ads Scam (confirmed) ,,,
“Spotting the signs” of trafficking recruitment online/ exploring the characteristics of advertisements targeted at migrant job-seekers ,"England - LOGISTICS warehouses ([SUPERMARKET BRAND], [SUPERMARKET BRAND] - packaging jobs)
[Recruitment agency name] - Guaranteed employed 10 years running !!
Great Britain
Job Description
GUARANTEED EMPLOYEMENT !! We are one of the oldest employment agencies in Lithuania and we continuously offer permanent, legal and well-paid jobs in factories, warehouses, manufactory, printing houses and hotels in England.
WE ARE URGENTLY OFFERING PERMANENT, LEGAL AND WELL-PAID JOBS IN LONDON;
*Jobs in logistic (""[SUPERMARKET BRAND)"", ""[SUPERMARKET BRAND!"", ""[SUPERMARKET BRAND]"" and other) warehouses (toy, food product, clothing packaging, loading, ""order picker"" positions):
﻿﻿Hourly pay;
﻿﻿Up to 60 working hours per week;
﻿﻿Wage on average 300-500 GBP (pounds) per week/ 7.83 - 11 GBP (pounds) per hour;
﻿﻿Wage paid on time (every week) !!
﻿﻿All social benefits !!
﻿﻿Jobs for both men and women;
﻿﻿English language knowledge is not necessary!
﻿﻿Experience not necessary !
﻿﻿Good living conditions!
﻿﻿We take you, greet you, provide lodging for you and take care of the necessary paperwork.
We have 8 spots !! Leaving on 3, 10, 17, 24, 31 August, in September and October !!
YOU CAN FIND MORE JOB OFFERS on our website [WEBSITE NAME], calling us or visiting our company headquarters (FREE consultations).
[website name]
Tel.: [telephone number]; [telephone number]
E-mail: [e-mail]
--- Tax returns for those who worked abroad (England, USA, Norway, Ireland, Holland, Germany, Australia, Canada) !! ---
Additional information
GUARANTEED EMPLOYMENT. We are the oldest and leading employment agency in Lithuania and we offer well-paid, permanent and legal jobs in warehouses, factories, plants, manufactories in England.
Requirements
Diligence, honesty, integrity.
Wage
1800",,,
LITHUANIAN MIGRANTS AS VICTIMS OF HUMAN TRAFFICKING FOR FORCED LABOUR AND LABOUR EXPLOITATION ABROAD (Advertisement 2),"NORWAY- CHEESE FACTORY
Wages 135nor/kron=17 Euro per hour. NO NEED TO KNOW LANGUAGE.
You will work near OSLO and TRONDHEIM.
WORK IN HOT OR COLD ENVIRONMENT!!!
Cheese production line, work in 3 shifts (morning, afternoon, and night).
Specific work: at conveyer,
at a production line, packaging line, loading,
cleaning of production premises.
NO NEED TO KNOW LANGUAGE.
You will work near OSLO and TRONDHEIM.
Contract for 5 months.
Transport and accommodation - 400 kron per week.
Departure in JUNE-JULY.
Already registering.",,,
LITHUANIAN MIGRANTS AS VICTIMS OF HUMAN TRAFFICKING FOR FORCED LABOUR AND LABOUR EXPLOITATION ABROAD (Advertisement 2),"Looking for young workers in factory in Netherlands.
The job is to package smoked fish products
Departure this or next week. No need to know foreign language.
Job starts immediately after arrival. Arrival on weekend, starting the job on Monday.
Rent of living premises deducted from wages, no need to pay upon arrival.
You need to have some money for food only.",,,
Stuck in Traffick: A Contextual Analysis of Human Trafficking,"“DAILY CASH PAYOUTS $500-1200 daily Safe professional clients -- WE SCREEN ALL.
Upscale locations All bookings and advertising provided A decade of experience
Innovative and organized management WHO WE EXPECT TO WORK WITH: Attractive
females 27-45 YRS Sexy and open-minded and personality Must be reliable and
trustworthy Must have a reliable car Must be NOT OVERWEIGHT Must always
remember that CLIENT SATISFACTION IS NUMBER ONE Priority SEND 1 PHOTO AND
CONTACT INFO WHEN REPLYING!! WE WILL CONACT YOU IF INTERESTED WITHIN
24 HRS.”",Start Modeling Career with NEW Lingerie Magazine! - 34 Our NEW Victoria Secret style lingerie magazine is looking for some sexy models that are comfortable with their body and are interested in heing featured in this new upcoming magazine. MODELS MUST BE WILLING TO TRAVEL! Models must he 18 or older. BEGINNER MODELS WELCOME! NATIONAL EXPOSURE! HOUSING INCLUDED! If you are interested in starting a REAL MODELING CAREER send PHOTOS and PHONE NUMBER to this email. We will develop you! We will build website and build your professional modeling portfolio! Also feel free to call us at 503 268 2446. Thank you. (PHOTOS AND PHONE NUMBER),"“Adult Entertainers: Make Today! We're looking for new faces. attractive Females
escorts Wanted for up-Scale Adult Establishment. Please tell us about yourself and
send pface and body pics to e-mail: thelingeriestudiotampa@gmail.com”
“Now Hiring Lingerie Models for 6PM-2AM shifts and weekends.Start Today! Text
813- 540-4094 - 29 Remain independent and make Daily Clean Up-Scale
Environment On Facebook: https://www.facebook.com/thestudiotampa/ ATM
available inside In-call Only Were currently Hiring please inquire within. The Studio
1053 West Busch Blvd Tampa FL 33612 New Phone # 813-933-4411 Hours: Sun-Tue
10 AM-2AM Wed-Sat: open 24 Hours Look For The Red Lights Brandon clearwater
st Pete New Tampa tampa”","“Ladies ONLY, Looking to become the next BIG ADULT SUPER STAR? Come join our
ELITE talent management company! Have fun and be safe STARRING in NON
DEGRADING HIGH END Adult Film Magazines ie. Penthouse Hustler Cheri etc.
$800+/per shoot. STEADY, LONG TERM, QUICK, AND EASY MONEY! PLUS FREE
HOUSING!! SAVE $200/WK THAT THE OTHER AGENTS CHARGE AND YOU WON'T
EVEN GET YOUR OWN ROOM OR BATHROOM. WE CAN ACCOMODATE THAT TOO! WE
HAVE 2 OTHER MODEL HOUSES THAT YOU WILL NOT HAVE TO SHARE YOUR ROOM
OR BATHROOM FOR THE SAME FEE. PLENTY OF REFERENCES, WE ARE HAPPY TO
PUT YOU ON THE PHONE WITH OUR CURRENT MODELS. Just text some smiling
selfies and bikini pics, or give a call to Company owner Bella. If email is easier for
you, you can just email pictures to her”"
https://www.propublica.org/article/human-traffickers-force-victims-into-cyberscamming,"Recruitment news_Customer Service staff both genders for 10 positions.                                                               Basic Salary: 1000 = Commission 
Working Hours: 3:30pm-3:30am 
Age 18-29 years old (boy/girl) 
Need to know English 50% up + use computer Typing 20-30 words/ minute 
No experience os ok some experience is also good 
1 day off/ month (work 6 months can rest 15 days) 
Provide accommodation and 3 meals 
Location GM Kampong Som (Ou Tre) ",,,
From Fake Job Ads to Human Trafficking The Horrifying Reality of the Human Trafficking Scam Trade,"General Assistant
Job Requirements:
﻿﻿﻿Age: 21-29 years old
﻿﻿﻿Gender: female, no nationality (foreigner is preferred)
﻿﻿﻿Education: college degree or above (1-2 years after graduation is preferred)
﻿﻿﻿Behavior and conversation Fluent in English, smart, smart, good image and temperament
﻿﻿﻿Strong stress resistance, smooth communication with people, optimistic and cheerful personality, and not sloppy in doing things.
Responsibility description:
﻿﻿﻿Assist leaders in related business activities and daily itinerary coordination;
﻿﻿﻿Daily entourage translation and communication Work arrangements;
﻿﻿﻿Assist executives in daily management of vehicles, nannies, and bodyguards Salary range: basic salary 15k-25k RMB, specific negotiable;
Working hours: 9 hours, 1 day off per week;
[7 Benefits) (All positions in the company are entitied to)
[Employee accommodation) The company provides accommodation, hotel-style apartments, and single-person accommodation in high-end residential areas with complete facilities, including: WIFI, gym, swimming pool, water heater, gas furnace, air conditioner, etc., so the position 24-hour standby is required, and confidentiality is strong, so it is mandatory to prohibit overnight stays.
[Paid annual leave] If you voluntarily give up paid annual leave, you can apply for an annual leave subsidy: a one-time reward of 7,000 yuan (as the level increases); [ Birthday benefits) The company will issue a birthday gift of 5,000 pesos in the month of the employee's birthday;
[Holiday Benefits) During the Spring Festival, Dragon Boat Festival, and Mid-Autumn Festival, in-service employees can enjoy this benefit. At that time, the company will distribute this benefit in the form of currency or in kind; the salary of the in-service employce is 3 times during holidays: Dragon Boat Festival, Mid-Autumn Festival, and Labor Day: (More at the end of the year Salary] It depends on the position, and the salary is 13/14/15/16 at the end of the year;
Telegram: @HR_Eleven",,,
https://news.trust.org/item/20210916120210-olp4a,"PHNOM PENH JOB OFFER
Job description* # Online customer service marketing
Job location# PHNOM PENH.
Requirements
01. Must know English language proficiency and computer typing skills.
(Basic salary#$950+commission 5-10%)
Age 18-35
Company providing by
Visa, Work permit, Food & Accommodation.
First Contact six months.
Job vacancy#20 person
Including two translator.",,,
https://www.euronews.com/next/2023/10/25/revealed-global-whatsapp-jobs-scam-worth-100m-linked-to-china-and-cyber-slavery-networks,"!! JOB OPPORTUNITY !!
Marketing Online Work
TIME
: 1-2 hours (Flexible
hrs)
INCOME
AGE
£100-600 daily
:20 years old and above
EDUCATION
: no qualifications
required
REQUIREMENT: smartphone or computer with good internet connection (training is provided)
","INCOME
: £100-600 daily
AGE
above
20 years old and
EDUCATION
required
: no qualifications
REQUIREMENT
: smartphone or
computer with good internet connection (training is provided)
Staff, Fresher, Students, Housewives, anyone can work
Staff, Fresher. Students.        Only serious applicants are needed.
You can contact us at WhatsApp:","Nous recherchons un télétravailleur pour des hôtels et des
attractions touristiques internationales, pouvant travailler à distance
30-50 minutes par jour, 22+ ans, esprit clair, travail facile, évaluation et réservation uniquement, 100-700€
par jour, payé le même jour, Whatsapp Employeur :33644639766                                                        We are looking for a teleworker for hotels and
international tourist attractions, able to work remotely
30-50 minutes per day, 22+ years old, clear mind, easy working, assessment and booking only, 100-700€
per day, paid the same day, Whatsapp Employer:
+33644639766","Vacant Positions (Full/Part Time)
Position Requirements:
﻿Swiss citizen, PR or visa holder (general terms and conditions)
﻿Age 20 and above
﻿No experience necessary
﻿Work 60-180 minutes per day
﻿Training provided
﻿Payment in USDT or CHF
﻿Basic pay from $5500-$9000, CHF 5000-8500 (not including commission)"
https://www.snopes.com/fact-check/interview-for-trafficking/,"Dear Ruby,
Due to our company's continued growth and expansion, we currently have openings for summer work. We would like to invite you to apply,
Vector is an international company established in 1981. We are currently expanding locally and have summer customer sales and service positions available. These positions will offer several unique advantages for those students accepted:
Full and part time openings with flexible schedules $16.00 base-appt.
Training provided - no experience necessary
Valuable resumé experience
May continue during school in the fall
Conditions apply
All ages 17
Opportunity to advance
We are filling openings for Sandy, Salt Lake City, Northern Etah County, Park City, Tooele, and surrounding areas.
schedule, class schedule or previous work experience.
You may apply regardless of your major, current work
look forward to meeting you and explaining the details of the position. interview, please contact receptisitat 601, 747-5210 Monday through Friday
To schedule an
between 9:00 am and 6:00 ye or","TEENS FOR
AFTER SCHOOL JOB
EARN
$60, $80, $100
PER WEEK!!!!
WORK EVENINGS & SATURDAYS
﻿﻿FREE TRIPS & ACTIVITIES
﻿﻿TRANSPORTATION PROVIDED
﻿﻿14 YEARS AND OLDER BONUSES!!
BRING YOUR FRIENDS!!",,